ds,y
2020-06-28,1173
2020-06-29,754
2020-06-30,405
2020-07-01,176
2020-07-02,199
2020-07-03,163
2020-07-04,52
2020-07-05,95
2020-07-06,136
2020-07-07,233
2020-07-08,179
2020-07-09,277
2020-07-10,129
2020-07-11,29
2020-07-12,13
2020-07-13,217
2020-07-14,180
2020-07-15,250
2020-07-16,160
2020-07-17,483
2020-07-18,116
2020-07-19,29
2020-07-20,114
2020-07-21,105
2020-07-22,346
2020-07-23,397
2020-07-24,64
2020-07-25,21
2020-07-26,25
2020-07-27,247
2020-07-28,57
2020-07-29,5
2020-07-30,10
2020-07-31,36
2020-08-01,13
2020-08-02,33
2020-08-03,125
2020-08-04,103
2020-08-05,157
2020-08-06,4
2020-08-07,44
2020-08-08,71
2020-08-09,9
2020-08-10,82
2020-08-11,55
2020-08-12,6
2020-08-13,45
2020-08-14,9
2020-08-15,130
2020-08-16,116
2020-08-17,12
2020-08-18,11
2020-08-19,106
2020-08-20,17
2020-08-21,15
2020-08-22,24
2020-08-23,3
2020-08-24,124
2020-08-25,248
2020-08-26,209
2020-08-27,194
2020-08-28,277
2020-08-29,84
2020-08-30,138
2020-08-31,207
2020-09-01,473
2020-09-02,496
2020-09-03,141
2020-09-04,69
2020-09-05,16
2020-09-06,26
2020-09-07,335
2020-09-08,529
2020-09-09,204
2020-09-10,24
2020-09-11,129
2020-09-12,35
2020-09-13,12
2020-09-14,71
2020-09-15,1587
2020-09-16,447
2020-09-17,344
2020-09-18,163
2020-09-19,340
2020-09-20,187
2020-09-21,115
2020-09-22,78
2020-09-23,148
2020-09-24,88
2020-09-25,198
2020-09-26,213
2020-09-27,114
2020-09-28,154
2020-09-29,165
2020-09-30,22
2020-10-01,12
2020-10-02,12
2020-10-03,264
2020-10-04,294
2020-10-05,131
2020-10-06,867
2020-10-07,164
2020-10-08,191
2020-10-09,202
2020-10-10,564
2020-10-11,474
2020-10-12,242
2020-10-13,29
2020-10-14,98
2020-10-15,26
2020-10-16,23
2020-10-17,59
2020-10-18,47
2020-10-19,184
2020-10-20,201
2020-10-21,271
2020-10-22,329
2020-10-23,49
2020-10-24,80
2020-10-25,32
2020-10-26,135
2020-10-27,272
2020-10-28,274
2020-10-29,259
2020-10-30,129
2020-10-31,303
2020-11-01,253
2020-11-02,138
2020-11-03,164
2020-11-04,661
2020-11-05,593
2020-11-06,295
2020-11-07,972
2020-11-08,843
2020-11-09,869
2020-11-10,511
2020-11-11,354
2020-11-12,692
2020-11-13,482
2020-11-14,793
2020-11-15,635
2020-11-16,787
2020-11-17,455
2020-11-18,824
2020-11-19,614
2020-11-20,1119
2020-11-21,1007
2020-11-22,529
2020-11-23,992
2020-11-24,817
2020-11-25,316
2020-11-26,198
2020-11-27,1059
2020-11-28,694
2020-11-29,118
2020-11-30,305
2020-12-01,271
2020-12-02,390
2020-12-03,470
2020-12-04,361
2020-12-05,296
2020-12-06,301
2020-12-07,182
2020-12-08,811
2020-12-09,743
2020-12-10,187
2020-12-11,130
2020-12-12,24
2020-12-13,22
2020-12-14,266
2020-12-15,327
2020-12-16,352
2020-12-17,142
2020-12-18,215
2020-12-19,141
2020-12-20,153
2020-12-21,347
2020-12-22,391
2020-12-23,344
2020-12-24,447
2020-12-25,689
2020-12-26,477
2020-12-27,562
2020-12-28,723
2020-12-29,94
2020-12-30,259
2020-12-31,266
2021-01-01,205
2021-01-02,123
2021-01-03,84
2021-01-04,167
2021-01-05,196
2021-01-06,211
2021-01-07,72
2021-01-08,214
2021-01-09,98
2021-01-10,187
2021-01-11,442
2021-01-12,385
2021-01-13,633
2021-01-14,572
2021-01-15,888
2021-01-16,725
2021-01-17,840
2021-01-18,675
2021-01-19,645
2021-01-20,333
2021-01-21,229
2021-01-22,163
2021-01-23,215
2021-01-24,177
2021-01-25,216
2021-01-26,420
2021-01-27,236
2021-01-28,422
2021-01-29,403
2021-01-30,177
2021-01-31,314
2021-02-01,359
2021-02-02,219
2021-02-03,563
2021-02-04,805
2021-02-05,475
2021-02-06,421
2021-02-07,395
2021-02-08,239
2021-02-09,397
2021-02-10,298
2021-02-11,369
2021-02-12,256
2021-02-13,167
2021-02-14,449
2021-02-15,412
2021-02-16,237
2021-02-17,301
2021-02-18,380
2021-02-19,277
2021-02-20,176
2021-02-21,139
2021-02-22,100
2021-02-23,118
2021-02-24,399
2021-02-25,285
2021-02-26,142
2021-02-27,236
2021-02-28,153
2021-03-01,481
2021-03-02,411
2021-03-03,299
2021-03-04,478
2021-03-05,280
2021-03-06,420
2021-03-07,624
2021-03-08,355
2021-03-09,175
2021-03-10,451
2021-03-11,145
2021-03-12,290
2021-03-13,366
2021-03-14,552
2021-03-15,211
2021-03-16,326
2021-03-17,805
2021-03-18,399
2021-03-19,223
2021-03-20,281
2021-03-21,1409
2021-03-22,2389
2021-03-23,563
2021-03-24,543
2021-03-25,421
2021-03-26,502
2021-03-27,308
2021-03-28,671
2021-03-29,627
2021-03-30,507
2021-03-31,620
2021-04-01,673
2021-04-02,669
2021-04-03,531
2021-04-04,748
2021-04-05,798
2021-04-06,321
2021-04-07,329
2021-04-08,302
2021-04-09,692
2021-04-10,439
2021-04-11,334
2021-04-12,459
2021-04-13,353
2021-04-14,306
2021-04-15,316
2021-04-16,257
2021-04-17,467
2021-04-18,389
2021-04-19,268
2021-04-20,497
2021-04-21,218
2021-04-22,265
2021-04-23,1747
2021-04-24,346
2021-04-25,251
2021-04-26,406
2021-04-27,296
2021-04-28,244
2021-04-29,496
2021-04-30,395
2021-05-01,386
2021-05-02,187
2021-05-03,504
2021-05-04,595
2021-05-05,296
2021-05-06,374
2021-05-07,276
2021-05-08,413
2021-05-09,409
2021-05-10,337
2021-05-11,163
2021-05-12,220
2021-05-13,442
2021-05-14,247
2021-05-15,882
2021-05-16,578
2021-05-17,352
2021-05-18,662
2021-05-19,502
2021-05-20,550
2021-05-21,457
2021-05-22,408
2021-05-23,721
2021-05-24,378
2021-05-25,113
2021-05-26,0
2021-05-27,0
2021-05-28,0
2021-05-29,0
2021-05-30,0
2021-05-31,0
2021-06-01,0
2021-06-02,0
2021-06-03,0
2021-06-04,280
2021-06-05,455
2021-06-06,326
2021-06-07,292
2021-06-08,378
2021-06-09,287
2021-06-10,420
2021-06-11,522
2021-06-12,333
2021-06-13,250
2021-06-14,192
2021-06-15,577
2021-06-16,331
2021-06-17,751
2021-06-18,465
2021-06-19,460
2021-06-20,279
2021-06-21,246
2021-06-22,642
2021-06-23,502
2021-06-24,458
2021-06-25,388
2021-06-26,224
2021-06-27,311
2021-06-28,349
2021-06-29,307
2021-06-30,365
2021-07-01,590
2021-07-02,789
2021-07-03,236
2021-07-04,292
2021-07-05,425
2021-07-06,447
2021-07-07,300
2021-07-08,288
2021-07-09,352
2021-07-10,377
2021-07-11,398
2021-07-12,390
2021-07-13,288
2021-07-14,283
2021-07-15,292
2021-07-16,215
2021-07-17,350
2021-07-18,284
2021-07-19,270
2021-07-20,571
2021-07-21,202
2021-07-22,401
2021-07-23,466
2021-07-24,303
2021-07-25,307
2021-07-26,759
2021-07-27,736
2021-07-28,537
2021-07-29,404
2021-07-30,339
2021-07-31,279
2021-08-01,237
2021-08-02,313
2021-08-03,247
2021-08-04,350
2021-08-05,364
2021-08-06,426
2021-08-07,343
2021-08-08,443
2021-08-09,334
2021-08-10,293
2021-08-11,394
2021-08-12,383
2021-08-13,265
2021-08-14,357
2021-08-15,576
2021-08-16,479
2021-08-17,484
2021-08-18,411
2021-08-19,470
2021-08-20,364
2021-08-21,433
2021-08-22,535
2021-08-23,441
2021-08-24,331
2021-08-25,574
2021-08-26,491
2021-08-27,298
2021-08-28,275
2021-08-29,320
2021-08-30,364
2021-08-31,328
2021-09-01,295
2021-09-02,283
2021-09-03,19
2021-09-04,150
2021-09-05,301
2021-09-06,295
2021-09-07,432
2021-09-08,382
2021-09-09,392
2021-09-10,228
2021-09-11,281
2021-09-12,238
2021-09-13,325
2021-09-14,296
2021-09-15,334
2021-09-16,224
2021-09-17,300
2021-09-18,322
2021-09-19,267
2021-09-20,312
2021-09-21,383
2021-09-22,244
2021-09-23,338
2021-09-24,275
2021-09-25,452
2021-09-26,388
2021-09-27,388
2021-09-28,395
2021-09-29,478
2021-09-30,335
2021-10-01,417
2021-10-02,592
2021-10-03,426
2021-10-04,565
2021-10-05,642
2021-10-06,875
2021-10-07,477
2021-10-08,445
2021-10-09,375
2021-10-10,552
2021-10-11,681
2021-10-12,615
2021-10-13,438
2021-10-14,594
2021-10-15,518
2021-10-16,637
2021-10-17,501
2021-10-18,444
2021-10-19,945
2021-10-20,629
2021-10-21,655
2021-10-22,595
2021-10-23,525
2021-10-24,657
2021-10-25,486
2021-10-26,623
2021-10-27,520
2021-10-28,440
2021-10-29,591
2021-10-30,447
2021-10-31,561
2021-11-01,490
2021-11-02,512
2021-11-03,669
2021-11-04,851
2021-11-05,664
2021-11-06,448
2021-11-07,426
2021-11-08,907
2021-11-09,505
2021-11-10,551
2021-11-11,679
2021-11-12,429
2021-11-13,472
2021-11-14,553
2021-11-15,731
2021-11-16,494
2021-11-17,444
2021-11-18,534
2021-11-19,452
2021-11-20,458
2021-11-21,489
2021-11-22,575
2021-11-23,566
2021-11-24,516
2021-11-25,503
2021-11-26,382
2021-11-27,553
2021-11-28,449
2021-11-29,525
2021-11-30,562
2021-12-01,559
2021-12-02,435
2021-12-03,538
2021-12-04,506
2021-12-05,419
2021-12-06,415
2021-12-07,529
2021-12-08,483
2021-12-09,454
2021-12-10,388
2021-12-11,0
2021-12-12,253
2021-12-13,385
2021-12-14,489
2021-12-15,537
2021-12-16,19
2021-12-17,155
2021-12-18,497
2021-12-19,614
2021-12-20,523
2021-12-21,570
2021-12-22,501
2021-12-23,557
2021-12-24,496
2021-12-25,644
2021-12-26,710
2021-12-27,487
2021-12-28,499
2021-12-29,471
2021-12-30,604
2021-12-31,474
2022-01-01,434
2022-01-02,551
2022-01-03,578
2022-01-04,597
2022-01-05,639
2022-01-06,822
2022-01-07,529
2022-01-08,626
2022-01-09,792
2022-01-10,695
2022-01-11,565
2022-01-12,722
2022-01-13,875
2022-01-14,603
2022-01-15,477
2022-01-16,577
2022-01-17,668
2022-01-18,9
2022-01-19,13
2022-01-20,643
2022-01-21,525
2022-01-22,411
2022-01-23,489
2022-01-24,515
2022-01-25,808
2022-01-26,831
2022-01-27,687
2022-01-28,459
2022-01-29,460
2022-01-30,560
2022-01-31,410
2022-02-01,439
2022-02-02,363
2022-02-03,336
2022-02-04,434
2022-02-05,461
2022-02-06,352
2022-02-07,464
2022-02-08,746
2022-02-09,811
2022-02-10,934
2022-02-11,601
2022-02-12,407
2022-02-13,459
2022-02-14,494
2022-02-15,409
2022-02-16,589
2022-02-17,550
2022-02-18,742
2022-02-19,506
2022-02-20,1029
2022-02-21,517
2022-02-22,316
2022-02-23,8
2022-02-24,0
2022-02-25,0
2022-02-26,0
2022-02-27,0
2022-02-28,0
2022-03-01,0
2022-03-02,0
2022-03-03,0
2022-03-04,0
2022-03-05,0
2022-03-06,0
2022-03-07,0
2022-03-08,0
2022-03-09,0
2022-03-10,0
2022-03-11,0
2022-03-12,0
2022-03-13,0
2022-03-14,0
2022-03-15,0
2022-03-16,0
2022-03-17,0
2022-03-18,0
2022-03-19,0
2022-03-20,4
2022-03-21,0
2022-03-22,18
2022-03-23,41
2022-03-24,122
2022-03-25,14
2022-03-26,67
2022-03-27,0
2022-03-28,22
2022-03-29,35
2022-03-30,33
2022-03-31,6
2022-04-01,21
2022-04-02,21
2022-04-03,3
2022-04-04,78
2022-04-05,1
2022-04-06,3
2022-04-07,1
2022-04-08,1
2022-04-09,10
2022-04-10,1
2022-04-11,136
2022-04-12,15
2022-04-13,78
2022-04-14,0
2022-04-15,42
2022-04-16,10
2022-04-17,17
2022-04-18,37
2022-04-19,85
2022-04-20,27
2022-04-21,28
2022-04-22,22
2022-04-23,280
2022-04-24,1360
2022-04-25,1123
2022-04-26,1081
2022-04-27,947
2022-04-28,877
2022-04-29,1031
2022-04-30,805
2022-05-01,953
2022-05-02,1872
2022-05-03,870
2022-05-04,1216
2022-05-05,1288
2022-05-06,2797
2022-05-07,6174
2022-05-08,4013
2022-05-09,1188
2022-05-10,1596
2022-05-11,1259
2022-05-12,958
2022-05-13,1749
2022-05-14,900
2022-05-15,1033
2022-05-16,1043
2022-05-17,2120
2022-05-18,1453
2022-05-19,2089
2022-05-20,1355
2022-05-21,960
2022-05-22,1033
2022-05-23,1285
2022-05-24,1119
2022-05-25,893
2022-05-26,1208
2022-05-27,832
2022-05-28,1010
2022-05-29,954
2022-05-30,1469
2022-05-31,1153
2022-06-01,1018
2022-06-02,1023
2022-06-03,633
2022-06-04,824
2022-06-05,1678
2022-06-06,1587
2022-06-07,1498
2022-06-08,1327
2022-06-09,1233
2022-06-10,1148
2022-06-11,1312
2022-06-12,1512
2022-06-13,1321
2022-06-14,1011
2022-06-15,1039
2022-06-16,1203
2022-06-17,1015
2022-06-18,837
2022-06-19,843
2022-06-20,879
2022-06-21,849
2022-06-22,1295
2022-06-23,1119
2022-06-24,726
2022-06-25,730
2022-06-26,734
2022-06-27,948
2022-06-28,16729
2022-06-29,3561
2022-06-30,955
2022-07-01,1040
2022-07-02,1027
2022-07-03,1665
2022-07-04,6918
2022-07-05,6055
2022-07-06,6167
2022-07-07,7445
2022-07-08,2948
2022-07-09,2568
2022-07-10,1180
2022-07-11,2824
2022-07-12,1633
2022-07-13,2020
2022-07-14,1775
2022-07-15,2136
2022-07-16,1052
2022-07-17,2056
2022-07-18,2319
2022-07-19,3291
2022-07-20,2847
2022-07-21,2269
2022-07-22,1649
2022-07-23,1775
2022-07-24,4037
2022-07-25,3112
2022-07-26,3146
2022-07-27,3838
2022-07-28,3550
2022-07-29,2567
2022-07-30,3008
2022-07-31,2004
2022-08-01,3227
2022-08-02,3140
2022-08-03,2874
2022-08-04,2133
2022-08-05,1947
2022-08-06,1666
2022-08-07,2142
2022-08-08,1453
2022-08-09,2151
2022-08-10,2345
2022-08-11,2030
2022-08-12,2370
2022-08-13,2170
2022-08-14,1584
2022-08-15,2269
2022-08-16,2177
2022-08-17,2718
2022-08-18,2651
2022-08-19,2654
2022-08-20,2877
2022-08-21,3079
2022-08-22,2423
2022-08-23,2851
2022-08-24,2741
2022-08-25,3008
2022-08-26,2880
2022-08-27,2223
2022-08-28,2142
2022-08-29,2567
2022-08-30,2539
2022-08-31,2240
2022-09-01,1980
2022-09-02,1626
2022-09-03,1684
2022-09-04,1760
2022-09-05,3876
2022-09-06,11738
2022-09-07,69421
2022-09-08,24408
2022-09-09,2399
2022-09-10,2350
2022-09-11,2409
2022-09-12,3149
2022-09-13,3118
2022-09-14,2901
2022-09-15,3545
2022-09-16,2673
2022-09-17,2055
2022-09-18,1994
2022-09-19,2226
2022-09-20,2691
2022-09-21,2089
2022-09-22,1598
2022-09-23,1762
2022-09-24,1950
2022-09-25,2116
2022-09-26,2982
2022-09-27,2423
2022-09-28,2764
2022-09-29,2116
2022-09-30,1994
2022-10-01,2133
2022-10-02,1945
2022-10-03,2394
2022-10-04,2547
2022-10-05,2466
2022-10-06,2320
2022-10-07,2729
2022-10-08,2509
2022-10-09,5639
2022-10-10,3293
2022-10-11,2835
2022-10-12,2707
2022-10-13,2645
2022-10-14,2937
2022-10-15,2630
2022-10-16,2919
2022-10-17,2856
2022-10-18,2625
2022-10-19,2953
2022-10-20,3380
2022-10-21,3957
2022-10-22,2534
2022-10-23,3506
2022-10-24,4057
2022-10-25,4084
2022-10-26,3780
2022-10-27,3668
2022-10-28,3410
2022-10-29,3151
2022-10-30,4066
2022-10-31,5447
2022-11-01,4683
2022-11-02,4373
2022-11-03,4488
2022-11-04,3982
2022-11-05,4224
2022-11-06,4135
2022-11-07,4551
2022-11-08,3811
2022-11-09,3865
2022-11-10,3843
2022-11-11,4067
2022-11-12,3836
2022-11-13,4420
2022-11-14,4144
2022-11-15,3985
2022-11-16,5261
2022-11-17,4842
2022-11-18,3817
2022-11-19,3600
2022-11-20,3615
2022-11-21,1343
2022-11-22,1821
2022-11-23,2819
2022-11-24,2563
2022-11-25,3449
2022-11-26,2930
2022-11-27,2953
2022-11-28,3295
2022-11-29,3449
2022-11-30,3770
2022-12-01,2698
2022-12-02,2380
2022-12-03,2543
2022-12-04,2721
2022-12-05,3133
2022-12-06,3788
2022-12-07,3752
2022-12-08,3068
2022-12-09,3527
2022-12-10,2669
2022-12-11,2525
2022-12-12,3265
2022-12-13,3701
2022-12-14,4255
2022-12-15,3702
2022-12-16,2697
2022-12-17,2470
2022-12-18,2453
2022-12-19,2753
2022-12-20,2724
2022-12-21,2818
2022-12-22,4002
2022-12-23,2941
2022-12-24,2676
2022-12-25,2426
2022-12-26,10446
2022-12-27,2638
2022-12-28,3809
2022-12-29,4462
2022-12-30,4051
2022-12-31,2385
2023-01-01,2646
2023-01-02,3269
2023-01-03,4689
2023-01-04,3978
2023-01-05,4595
2023-01-06,4031
2023-01-07,3223
2023-01-08,3749
2023-01-09,4827
2023-01-10,4444
2023-01-11,5612
2023-01-12,4574
2023-01-13,4282
2023-01-14,3386
2023-01-15,2594
2023-01-16,4057
2023-01-17,3551
2023-01-18,2921
2023-01-19,2652
2023-01-20,2553
2023-01-21,1435
2023-01-22,1774
2023-01-23,2215
2023-01-24,3036
2023-01-25,3311
2023-01-26,2947
2023-01-27,3966
2023-01-28,3530
2023-01-29,3523
2023-01-30,5235
2023-01-31,4212
2023-02-01,4629
2023-02-02,4843
2023-02-03,4452
2023-02-04,3373
2023-02-05,3257
2023-02-06,3829
2023-02-07,2719
2023-02-08,3064
2023-02-09,2965
2023-02-10,3994
2023-02-11,3188
2023-02-12,3470
2023-02-13,3648
2023-02-14,4851
2023-02-15,3845
2023-02-16,4156
2023-02-17,4677
2023-02-18,3963
2023-02-19,4850
2023-02-20,3893
2023-02-21,3878
2023-02-22,4159
2023-02-23,4539
2023-02-24,5428
2023-02-25,4301
2023-02-26,4364
2023-02-27,3432
2023-02-28,3797
2023-03-01,3748
2023-03-02,4857
2023-03-03,4409
2023-03-04,4382
2023-03-05,3688
2023-03-06,4761
2023-03-07,4613
2023-03-08,5393
2023-03-09,4090
2023-03-10,4216
2023-03-11,4127
2023-03-12,3993
2023-03-13,4374
2023-03-14,5123
2023-03-15,4413
2023-03-16,4070
2023-03-17,3923
2023-03-18,4044
2023-03-19,3549
2023-03-20,3958
2023-03-21,4075
2023-03-22,4367
2023-03-23,4701
2023-03-24,4019
2023-03-25,3776
2023-03-26,3547
2023-03-27,4046
2023-03-28,3531
2023-03-29,4266
2023-03-30,4442
2023-03-31,4667
2023-04-01,3716
2023-04-02,6087
2023-04-03,5140
2023-04-04,5018
2023-04-05,4684
2023-04-06,4251
2023-04-07,5269
2023-04-08,5335
2023-04-09,4298
2023-04-10,5308
2023-04-11,4763
2023-04-12,4378
2023-04-13,5255
2023-04-14,4414
2023-04-15,4379
2023-04-16,4951
2023-04-17,8192
2023-04-18,8697
2023-04-19,5707
2023-04-20,9477
2023-04-21,13150
2023-04-22,7545
2023-04-23,8055
2023-04-24,7808
2023-04-25,7732
2023-04-26,5415
2023-04-27,5312
2023-04-28,4805
2023-04-29,3936
2023-04-30,4845
2023-05-01,4279
2023-05-02,4970
2023-05-03,5659
2023-05-04,5471
2023-05-05,5784
2023-05-06,5492
2023-05-07,5046
2023-05-08,5357
2023-05-09,5440
2023-05-10,6469
2023-05-11,6607
2023-05-12,6162
2023-05-13,5419
2023-05-14,5244
2023-05-15,5617
2023-05-16,5996
2023-05-17,6192
2023-05-18,4802
2023-05-19,5736
2023-05-20,5515
2023-05-21,5108
2023-05-22,5331
2023-05-23,5240
2023-05-24,5218
2023-05-25,4638
2023-05-26,4970
2023-05-27,5520
2023-05-28,5461
2023-05-29,7184
2023-05-30,8029
2023-05-31,5784
2023-06-01,5391
2023-06-02,6243
2023-06-03,5538
2023-06-04,7163
2023-06-05,5939
2023-06-06,5964
2023-06-07,7185
2023-06-08,7180
2023-06-09,7495
2023-06-10,5015
2023-06-11,5242
2023-06-12,5552
2023-06-13,5567
2023-06-14,4491
2023-06-15,5541
2023-06-16,5504
2023-06-17,5148
2023-06-18,5353
2023-06-19,5364
2023-06-20,5371
2023-06-21,5147
2023-06-22,5041
2023-06-23,5441
2023-06-24,4568
2023-06-25,4623
2023-06-26,5355
2023-06-27,5986
2023-06-28,6122
2023-06-29,7128
2023-06-30,4533
2023-07-01,3654
2023-07-02,3801
2023-07-03,4962
2023-07-04,6482
2023-07-05,5901
2023-07-06,6881
2023-07-07,5168
2023-07-08,5538
2023-07-09,5273
2023-07-10,5853
2023-07-11,5862
2023-07-12,12928
2023-07-13,10267
2023-07-14,9033
2023-07-15,7449
2023-07-16,6517
2023-07-17,7969
2023-07-18,9044
2023-07-19,7380
2023-07-20,6974
2023-07-21,6277
2023-07-22,5890
2023-07-23,7721
2023-07-24,7428
2023-07-25,6805
2023-07-26,6656
2023-07-27,5896
2023-07-28,6151
2023-07-29,5837
2023-07-30,5171
2023-07-31,6627
2023-08-01,6803
2023-08-02,5304
2023-08-03,6845
2023-08-04,6637
2023-08-05,3386
2023-08-06,4707
2023-08-07,4570
2023-08-08,7378
2023-08-09,6842
2023-08-10,7337
2023-08-11,7318
2023-08-12,5882
2023-08-13,5421
2023-08-14,6516
2023-08-15,5584
2023-08-16,5492
2023-08-17,6159
2023-08-18,4631
2023-08-19,4769
2023-08-20,4583
2023-08-21,6897
2023-08-22,6092
2023-08-23,7586
2023-08-24,7121
2023-08-25,6847
2023-08-26,5046
2023-08-27,4936
2023-08-28,5653
2023-08-29,5838
2023-08-30,4948
2023-08-31,6010
2023-09-01,4727
2023-09-02,4393
2023-09-03,4919
2023-09-04,5602
2023-09-05,5663
2023-09-06,5617
2023-09-07,1019
2023-09-08,3496
2023-09-09,5042
2023-09-10,5538
2023-09-11,6016
2023-09-12,6403
2023-09-13,6258
2023-09-14,6425
2023-09-15,5883
2023-09-16,5021
2023-09-17,4801
2023-09-18,5023
2023-09-19,5411
2023-09-20,5935
2023-09-21,6326
2023-09-22,4993
2023-09-23,4800
2023-09-24,4750
2023-09-25,4804
2023-09-26,5483
2023-09-27,5301
2023-09-28,4184
2023-09-29,4501
2023-09-30,5747
2023-10-01,5200
2023-10-02,4107
2023-10-03,4602
2023-10-04,4868
2023-10-05,7067
2023-10-06,6105
2023-10-07,6964
2023-10-08,5518
2023-10-09,5419
2023-10-10,5641
2023-10-11,5898
2023-10-12,5756
2023-10-13,5557
2023-10-14,5872
2023-10-15,5649
2023-10-16,6116
2023-10-17,6768
2023-10-18,5926
2023-10-19,5469
2023-10-20,5694
2023-10-21,5660
2023-10-22,4793
2023-10-23,6170
2023-10-24,5099
2023-10-25,5433
2023-10-26,8478
2023-10-27,6664
2023-10-28,6252
2023-10-29,6368
2023-10-30,5870
2023-10-31,6734
2023-11-01,7115
2023-11-02,7331
2023-11-03,7210
2023-11-04,6643
2023-11-05,5641
2023-11-06,5383
2023-11-07,14533
2023-11-08,6289
2023-11-09,7427
2023-11-10,5716
2023-11-11,4948
2023-11-12,5013
2023-11-13,6917
2023-11-14,6449
2023-11-15,6026
2023-11-16,5868
2023-11-17,6455
2023-11-18,6920
2023-11-19,7639
2023-11-20,8452
2023-11-21,5879
2023-11-22,7545
2023-11-23,6913
2023-11-24,6300
2023-11-25,5005
2023-11-26,5557
2023-11-27,6365
2023-11-28,6644
2023-11-29,7033
2023-11-30,5693
2023-12-01,5989
2023-12-02,7338
2023-12-03,5570
2023-12-04,7382
2023-12-05,8451
2023-12-06,7538
2023-12-07,7097
2023-12-08,6557
2023-12-09,8548
2023-12-10,7863
2023-12-11,8644
2023-12-12,7388
2023-12-13,6973
2023-12-14,6081
2023-12-15,7910
2023-12-16,7716
2023-12-17,6926
2023-12-18,7508
2023-12-19,7638
2023-12-20,6700
2023-12-21,6684
2023-12-22,7499
2023-12-23,6518
2023-12-24,5971
2023-12-25,6087
2023-12-26,6261
2023-12-27,5753
2023-12-28,6340
2023-12-29,7069
2023-12-30,6475
2023-12-31,5342
2024-01-01,6144
2024-01-02,6255
2024-01-03,7782
2024-01-04,6934
2024-01-05,7028
2024-01-06,7059
2024-01-07,6613
2024-01-08,8965
2024-01-09,7797
2024-01-10,9924
2024-01-11,23665
2024-01-12,15910
2024-01-13,9466
2024-01-14,8133
2024-01-15,9400
2024-01-16,8835
2024-01-17,9248
2024-01-18,8906
2024-01-19,8498
2024-01-20,8145
2024-01-21,7479
2024-01-22,7600
2024-01-23,8548
2024-01-24,8616
2024-01-25,7779
2024-01-26,8747
2024-01-27,7026
2024-01-28,6492
2024-01-29,9249
2024-01-30,8300
2024-01-31,7869
2024-02-01,7595
2024-02-02,8568
2024-02-03,7747
2024-02-04,8607
2024-02-05,7670
2024-02-06,7000
2024-02-07,5697
2024-02-08,5368
2024-02-09,4500
2024-02-10,3625
2024-02-11,4424
2024-02-12,4630
2024-02-13,4467
2024-02-14,4935
2024-02-15,5708
2024-02-16,6782
2024-02-17,8984
2024-02-18,8899
2024-02-19,7476
2024-02-20,7324
2024-02-21,7518
2024-02-22,7761
2024-02-23,9421
2024-02-24,10152
2024-02-25,7079
2024-02-26,10927
2024-02-27,10432
2024-02-28,12023
2024-02-29,9144
2024-03-01,7161
2024-03-02,7138
2024-03-03,6137
2024-03-04,7525
2024-03-05,8090
2024-03-06,8125
2024-03-07,7947
2024-03-08,8827
2024-03-09,7111
2024-03-10,6620
2024-03-11,7233
2024-03-12,6837
2024-03-13,7764
2024-03-14,12656
2024-03-15,15278
2024-03-16,9827
2024-03-17,12164
2024-03-18,10272
2024-03-19,8929
2024-03-20,10875
2024-03-21,11191
2024-03-22,9187
2024-03-23,7747
2024-03-24,8663
2024-03-25,8346
2024-03-26,8894
2024-03-27,9139
2024-03-28,9146
2024-03-29,8749
2024-03-30,5591
2024-03-31,6593
2024-04-01,6737
2024-04-02,7177
2024-04-03,7822
2024-04-04,6590
2024-04-05,6534
2024-04-06,7043
2024-04-07,7158
2024-04-08,7419
2024-04-09,7148
2024-04-10,8627
2024-04-11,9705
2024-04-12,7938
2024-04-13,7379
2024-04-14,8544
2024-04-15,7280
2024-04-16,7897
2024-04-17,8460
2024-04-18,7015
2024-04-19,7579
2024-04-20,6468
2024-04-21,7916
2024-04-22,7969
2024-04-23,7283
2024-04-24,8432
2024-04-25,11199
2024-04-26,8838
2024-04-27,8280
2024-04-28,9126
2024-04-29,10105
2024-04-30,8403
2024-05-01,6732
2024-05-02,7027
2024-05-03,11466
2024-05-04,10467
2024-05-05,8715
2024-05-06,9269
2024-05-07,14235
2024-05-08,10241
2024-05-09,10854
2024-05-10,9074
2024-05-11,9033
2024-05-12,8231
2024-05-13,9131
2024-05-14,11995
2024-05-15,8918
2024-05-16,8729
2024-05-17,8068
2024-05-18,7815
2024-05-19,7852
2024-05-20,8405
2024-05-21,8363
2024-05-22,7898
2024-05-23,7517
2024-05-24,7023
2024-05-25,7832
2024-05-26,7465
2024-05-27,7763
2024-05-28,8974
2024-05-29,8258
2024-05-30,9350
2024-05-31,8080
2024-06-01,7582
2024-06-02,7874
2024-06-03,7939
2024-06-04,8938
2024-06-05,9378
2024-06-06,12053
2024-06-07,12117
2024-06-08,8107
2024-06-09,8698
2024-06-10,7956
2024-06-11,9653
2024-06-12,9013
2024-06-13,10084
2024-06-14,24422
2024-06-15,9324
2024-06-16,7249
2024-06-17,8610
2024-06-18,8115
2024-06-19,8795
2024-06-20,7917
2024-06-21,7295
2024-06-22,6921
2024-06-23,9407
2024-06-24,9567
2024-06-25,8879
2024-06-26,9575
2024-06-27,8773
2024-06-28,10503
2024-06-29,10136
2024-06-30,14833
2024-07-01,15154
2024-07-02,13551
2024-07-03,9064
2024-07-04,9562
2024-07-05,11444
2024-07-06,9136
2024-07-07,7049
2024-07-08,13818
2024-07-09,9978
2024-07-10,11302
2024-07-11,10917
2024-07-12,10050
2024-07-13,6881
2024-07-14,6567
2024-07-15,8519
2024-07-16,10747
2024-07-17,13031
2024-07-18,10278
2024-07-19,10332
2024-07-20,8027
2024-07-21,7436
2024-07-22,9094
2024-07-23,9230
2024-07-24,8544
2024-07-25,12344
2024-07-26,14589
2024-07-27,6023
2024-07-28,8590
2024-07-29,11991
2024-07-30,9163
2024-07-31,9495
2024-08-01,12014
2024-08-02,7988
2024-08-03,7192
2024-08-04,8492
2024-08-05,8479
2024-08-06,11076
2024-08-07,9052
2024-08-08,8683
2024-08-09,8169
2024-08-10,7490
2024-08-11,7068
2024-08-12,7889
2024-08-13,8542
2024-08-14,8781
2024-08-15,7589
2024-08-16,8554
2024-08-17,5712
2024-08-18,6379
2024-08-19,8112
2024-08-20,8271
2024-08-21,7673
2024-08-22,7980
2024-08-23,8858
2024-08-24,6505
2024-08-25,6738
2024-08-26,8259
2024-08-27,9378
2024-08-28,8377
2024-08-29,9612
2024-08-30,11747
2024-08-31,6517
2024-09-01,5424
2024-09-02,6580
2024-09-03,6706
2024-09-04,6609
2024-09-05,7468
2024-09-06,7661
2024-09-07,6719
2024-09-08,904
2024-09-09,366
2024-09-10,435
2024-09-11,396
2024-09-12,233
2024-09-13,417
2024-09-14,682
2024-09-15,344
2024-09-16,411
2024-09-17,532
2024-09-18,455
2024-09-19,192
2024-09-20,444
2024-09-21,427
2024-09-22,6001
2024-09-23,10406
2024-09-24,10934
2024-09-25,9398
2024-09-26,9271
2024-09-27,7939
2024-09-28,7564
2024-09-29,7125
2024-09-30,5176
2024-10-01,5611
2024-10-02,6371
2024-10-03,6063
2024-10-04,7118
2024-10-05,7027
2024-10-06,6901
2024-10-07,7560
2024-10-08,7294
2024-10-09,8119
2024-10-10,8117
2024-10-11,7899
2024-10-12,7356
2024-10-13,8738
2024-10-14,11844
2024-10-15,11025
2024-10-16,11018
2024-10-17,9562
2024-10-18,9365
2024-10-19,8058
2024-10-20,9142
2024-10-21,8539
2024-10-22,10036
2024-10-23,8980
2024-10-24,9462
2024-10-25,9402
2024-10-26,7309
2024-10-27,8149
2024-10-28,8775
2024-10-29,9464
2024-10-30,13080
2024-10-31,8989
2024-11-01,8731
2024-11-02,8489
2024-11-03,8787
2024-11-04,9208
2024-11-05,10588
2024-11-06,8302
2024-11-07,7931
2024-11-08,8408
2024-11-09,8728
2024-11-10,8108
2024-11-11,9539
2024-11-12,7827
2024-11-13,10493
2024-11-14,8999
2024-11-15,36819
2024-11-16,9246
2024-11-17,8702
2024-11-18,8674
2024-11-19,9404
2024-11-20,9259
2024-11-21,9947
2024-11-22,9027
2024-11-23,8356
2024-11-24,7678
2024-11-25,9333
2024-11-26,10408
2024-11-27,12156
2024-11-28,11404
2024-11-29,10284
2024-11-30,10983
2024-12-01,17299
2024-12-02,16332
2024-12-03,13174
2024-12-04,13943
2024-12-05,13204
2024-12-06,11133
2024-12-07,11253
2024-12-08,9827
2024-12-09,10894
2024-12-10,16790
2024-12-11,12971
2024-12-12,9820
2024-12-13,9711
2024-12-14,7896
2024-12-15,9988
2024-12-16,25028
2024-12-17,20617
2024-12-18,17202
2024-12-19,14441
2024-12-20,12327
2024-12-21,11890
2024-12-22,13907
2024-12-23,13323
2024-12-24,11755
2024-12-25,10310
2024-12-26,8938
2024-12-27,9305
2024-12-28,7540
2024-12-29,7827
2024-12-30,10093
2024-12-31,9584
2025-01-01,6415
2025-01-02,9817
2025-01-03,7816
2025-01-04,7441
2025-01-05,8682
2025-01-06,9559
2025-01-07,10072
2025-01-08,8209
2025-01-09,8918
2025-01-10,8126
2025-01-11,6888
2025-01-12,6805
2025-01-13,13335
2025-01-14,8946
2025-01-15,8965
2025-01-16,9112
2025-01-17,9323
2025-01-18,7961
2025-01-19,8761
2025-01-20,8262
2025-01-21,8787
2025-01-22,15750
2025-01-23,10227
2025-01-24,8857
2025-01-25,8697
2025-01-26,6683
2025-01-27,6953
2025-01-28,6410
2025-01-29,5140
2025-01-30,6285
2025-01-31,6209
2025-02-01,5612
2025-02-02,7028
2025-02-03,7778
2025-02-04,8134
2025-02-05,10228
2025-02-06,10341
2025-02-07,9384
2025-02-08,8144
2025-02-09,7475
2025-02-10,9903
2025-02-11,15096
2025-02-12,13375
2025-02-13,12915
2025-02-14,8859
2025-02-15,8186
2025-02-16,5485
2025-02-17,8117
2025-02-18,7810
2025-02-19,7016
2025-02-20,7645
2025-02-21,7921
2025-02-22,8291
2025-02-23,7458
2025-02-24,7320
2025-02-25,13811
2025-02-26,14046
2025-02-27,7776
2025-02-28,8789
2025-03-01,8174
2025-03-02,8839
2025-03-03,8385
2025-03-04,10577
2025-03-05,7502
2025-03-06,7799
2025-03-07,8827
2025-03-08,6818
2025-03-09,9067
2025-03-10,8516
2025-03-11,8315
2025-03-12,10176
2025-03-13,8940
2025-03-14,8004
2025-03-15,9715
2025-03-16,9179
2025-03-17,9243
2025-03-18,10785
2025-03-19,8794
2025-03-20,7567
2025-03-21,7651
2025-03-22,8288
2025-03-23,6972
2025-03-24,7420
2025-03-25,8255
2025-03-26,7447
2025-03-27,8642
2025-03-28,7990
2025-03-29,8756
2025-03-30,9294
2025-03-31,9557
2025-04-01,9082
2025-04-02,8379
2025-04-03,8667
2025-04-04,8020
2025-04-05,7453
2025-04-06,8778
2025-04-07,7715
2025-04-08,6919
2025-04-09,6992
2025-04-10,7670
2025-04-11,7163
2025-04-12,7153
2025-04-13,6761
2025-04-14,6507
2025-04-15,8736
2025-04-16,7477
2025-04-17,7781
2025-04-18,7671
2025-04-19,8270
2025-04-20,6425
2025-04-21,8434
2025-04-22,7268
2025-04-23,8116
2025-04-24,10222
2025-04-25,9019
2025-04-26,8053
2025-04-27,7785
2025-04-28,8272
2025-04-29,11262
2025-04-30,8387
2025-05-01,7081
2025-05-02,7236
2025-05-03,6701
2025-05-04,7570
2025-05-05,6878
2025-05-06,8351
2025-05-07,6994
2025-05-08,7294
2025-05-09,6470
2025-05-10,6659
2025-05-11,7320
2025-05-12,7646
2025-05-13,9325
2025-05-14,8762
2025-05-15,8799
2025-05-16,6631
2025-05-17,9109
2025-05-18,9775
2025-05-19,9397
2025-05-20,8377
2025-05-21,9757
2025-05-22,6796
2025-05-23,7210
2025-05-24,7579
2025-05-25,8266
2025-05-26,9350
2025-05-27,9151
2025-05-28,9317
2025-05-29,12128
2025-05-30,8960
2025-05-31,8227
2025-06-01,6910
2025-06-02,6437
2025-06-03,8033
2025-06-04,7699
2025-06-05,8478
2025-06-06,9721
2025-06-07,8605
2025-06-08,8206
2025-06-09,8662
2025-06-10,8119
2025-06-11,8033
2025-06-12,8773
2025-06-13,6443
2025-06-14,6712
2025-06-15,6288
2025-06-16,7457
2025-06-17,7739
2025-06-18,6485
2025-06-19,8194
2025-06-20,8428
2025-06-21,7666
